{"cameraMode":{"drawMode":0,"name":"Shaded","section":"Shading Mode"},"sceneLighting":false,"audioPlay":false,"sceneViewState":{"m_AlwaysRefresh":false,"showFog":true,"showSkybox":false,"showFlares":true,"showImageEffects":true,"showParticleSystems":true,"showVisualEffectGraphs":true,"m_FxEnabled":true},"in2DMode":false,"pivot":{"x":-0.0024830102920532228,"y":0.8721690773963928,"z":0.024438202381134034},"rotation":{"x":-0.1020730584859848,"y":0.8975473642349243,"z":-0.3167985677719116,"w":-0.2891915440559387},"size":613.0900268554688,"orthographic":false}